domain,module,intent,targetAudience,criticality,status,owner,sourceGuideId
onboarding,auth,create-account,general,critical,verified,copilot-auto-verify,auth--create-account
onboarding,auth,sign-in-recovery,general,critical,verified,copilot-auto-verify,auth--sign-in-recovery
onboarding,auth,invite-team-members,admin,critical,verified,copilot-auto-verify,auth--invite-team-members
crm,contacts,create-contact,general,critical,verified,copilot-auto-verify,contacts--create-contact
crm,contacts,convert-lead,consultant,important,verified,copilot-auto-verify,contacts--convert-lead
crm,contacts,merge-duplicates,admin,important,verified,copilot-auto-verify,contacts--merge-duplicates
files,files,upload-document,general,critical,verified,copilot-auto-verify,files--upload-document
files,files,link-document-to-contact,general,important,verified,copilot-auto-verify,files--link-document-to-contact
files,files,recover-missing-document,admin,important,verified,copilot-auto-verify,files--recover-missing-document
accounting,accounting,categorize-expense,accountant,critical,verified,copilot-auto-verify,accounting--categorize-expense
accounting,accounting,post-journal-entry,accountant,critical,verified,copilot-auto-verify,accounting--post-journal-entry
accounting,accounting,reconcile-transactions,accountant,critical,verified,copilot-auto-verify,accounting--reconcile-transactions
payroll,payroll,create-worker-profile,admin,critical,verified,copilot-auto-verify,payroll--create-worker-profile
payroll,payroll,run-payroll,accountant,critical,verified,copilot-auto-verify,payroll--run-payroll
payroll,payroll,correct-payroll-error,accountant,important,verified,copilot-auto-verify,payroll--correct-payroll-error
reporting,reports,run-analytics-report,general,critical,verified,copilot-auto-verify,reports--run-analytics-report
reporting,reports,export-reports,general,critical,verified,copilot-auto-verify,reports--export-reports
reporting,reports,validate-export,general,important,verified,copilot-auto-verify,reports--validate-export
admin,settings,configure-role-permissions,admin,critical,verified,copilot-auto-verify,settings--configure-role-permissions
admin,settings,audit-configuration-changes,admin,important,verified,copilot-auto-verify,settings--audit-configuration-changes
assistant,knowledge,reingest-guides,admin,critical,verified,copilot-auto-verify,knowledge--reingest-guides
assistant,knowledge,diagnose-assistant-errors,admin,critical,verified,copilot-auto-verify,knowledge--diagnose-assistant-errors
productivity,tasks,create-action-chip,general,critical,verified,copilot-auto-verify,tasks--create-action-chip
productivity,tasks,edit-action-chip,general,important,verified,copilot-auto-verify,tasks--edit-action-chip
productivity,tasks,assign-action-chip,admin,important,verified,copilot-auto-verify,tasks--assign-action-chip
productivity,tasks,complete-action-chip,general,critical,verified,copilot-auto-verify,tasks--complete-action-chip
productivity,tasks,troubleshoot-action-chip-not-saving,general,critical,verified,copilot-auto-verify,tasks--troubleshoot-action-chip-not-saving
productivity,tasks,fix-action-chip-permission-error,admin,important,verified,copilot-auto-verify,tasks--fix-action-chip-permission-error
onboarding,auth,verify-email-address,general,critical,verified,copilot-auto-verify,auth--verify-email-address
onboarding,auth,reset-forgotten-password,general,critical,verified,copilot-auto-verify,auth--reset-forgotten-password
onboarding,auth,enable-mfa,admin,critical,verified,copilot-auto-verify,auth--enable-mfa
onboarding,auth,disable-mfa,admin,important,verified,copilot-auto-verify,auth--disable-mfa
onboarding,auth,rotate-mfa-device,general,important,verified,copilot-auto-verify,auth--rotate-mfa-device
onboarding,auth,manage-session-timeout,admin,important,verified,copilot-auto-verify,auth--manage-session-timeout
onboarding,auth,enforce-password-policy,admin,critical,verified,copilot-auto-verify,auth--enforce-password-policy
onboarding,auth,unlock-locked-account,admin,critical,verified,copilot-auto-verify,auth--unlock-locked-account
onboarding,auth,deactivate-user-account,admin,critical,verified,copilot-auto-verify,auth--deactivate-user-account
onboarding,auth,reactivate-user-account,admin,important,verified,copilot-auto-verify,auth--reactivate-user-account
onboarding,auth,remove-team-member,admin,critical,verified,copilot-auto-verify,auth--remove-team-member
onboarding,auth,transfer-account-ownership,admin,critical,verified,copilot-auto-verify,auth--transfer-account-ownership
onboarding,auth,configure-sso,admin,critical,verified,copilot-auto-verify,auth--configure-sso
onboarding,auth,map-sso-roles,admin,important,verified,copilot-auto-verify,auth--map-sso-roles
onboarding,auth,troubleshoot-sso-login-failure,admin,critical,verified,copilot-auto-verify,auth--troubleshoot-sso-login-failure
onboarding,auth,approve-new-device-login,admin,important,verified,copilot-auto-verify,auth--approve-new-device-login
onboarding,auth,review-login-history,admin,important,verified,copilot-auto-verify,auth--review-login-history
onboarding,auth,force-user-logout,admin,important,verified,copilot-auto-verify,auth--force-user-logout
onboarding,auth,configure-ip-allowlist,admin,critical,verified,copilot-auto-verify,auth--configure-ip-allowlist
onboarding,auth,handle-suspicious-login-alert,admin,critical,verified,copilot-auto-verify,auth--handle-suspicious-login-alert
onboarding,auth,update-profile-security-settings,general,important,verified,copilot-auto-verify,auth--update-profile-security-settings
onboarding,auth,change-primary-email,general,important,verified,copilot-auto-verify,auth--change-primary-email
onboarding,auth,recover-admin-access,admin,critical,verified,copilot-auto-verify,auth--recover-admin-access
onboarding,auth,set-up-backup-codes,general,important,verified,copilot-auto-verify,auth--set-up-backup-codes
onboarding,auth,test-auth-disaster-recovery,admin,important,verified,copilot-auto-verify,auth--test-auth-disaster-recovery
crm,contacts,create-lead,consultant,critical,verified,copilot-auto-verify,contacts--create-lead
crm,contacts,qualify-lead,consultant,important,verified,copilot-auto-verify,contacts--qualify-lead
crm,contacts,disqualify-lead,consultant,important,verified,copilot-auto-verify,contacts--disqualify-lead
crm,contacts,assign-contact-owner,admin,important,verified,copilot-auto-verify,contacts--assign-contact-owner
crm,contacts,reassign-contact-owner,admin,important,verified,copilot-auto-verify,contacts--reassign-contact-owner
crm,contacts,archive-contact,general,important,verified,copilot-auto-verify,contacts--archive-contact
crm,contacts,restore-archived-contact,admin,important,verified,copilot-auto-verify,contacts--restore-archived-contact
crm,contacts,bulk-import-contacts,admin,critical,verified,copilot-auto-verify,contacts--bulk-import-contacts
crm,contacts,validate-contact-import-errors,admin,critical,verified,copilot-auto-verify,contacts--validate-contact-import-errors
crm,contacts,export-contact-list,general,important,verified,copilot-auto-verify,contacts--export-contact-list
crm,contacts,segment-contacts-by-tag,consultant,important,verified,copilot-auto-verify,contacts--segment-contacts-by-tag
crm,contacts,add-contact-note,general,important,verified,copilot-auto-verify,contacts--add-contact-note
crm,contacts,log-contact-call,general,important,verified,copilot-auto-verify,contacts--log-contact-call
crm,contacts,schedule-follow-up-task,general,important,verified,copilot-auto-verify,contacts--schedule-follow-up-task
crm,contacts,link-contact-to-deal,consultant,important,verified,copilot-auto-verify,contacts--link-contact-to-deal
crm,contacts,unlink-contact-from-deal,consultant,important,verified,copilot-auto-verify,contacts--unlink-contact-from-deal
crm,contacts,attach-document-to-contact,general,important,verified,copilot-auto-verify,contacts--attach-document-to-contact
crm,contacts,resolve-contact-permission-error,admin,critical,verified,copilot-auto-verify,contacts--resolve-contact-permission-error
crm,contacts,standardize-contact-fields,admin,important,verified,copilot-auto-verify,contacts--standardize-contact-fields
crm,contacts,deduplicate-imported-contacts,admin,critical,verified,copilot-auto-verify,contacts--deduplicate-imported-contacts
crm,contacts,update-contact-consent-status,general,critical,verified,copilot-auto-verify,contacts--update-contact-consent-status
crm,contacts,track-contact-source-campaign,consultant,important,verified,copilot-auto-verify,contacts--track-contact-source-campaign
crm,contacts,create-contact-from-email,general,important,verified,copilot-auto-verify,contacts--create-contact-from-email
crm,contacts,sync-contacts-with-calendar,admin,important,verified,copilot-auto-verify,contacts--sync-contacts-with-calendar
crm,contacts,troubleshoot-missing-contact-record,admin,critical,verified,copilot-auto-verify,contacts--troubleshoot-missing-contact-record
productivity,tasks,start-lead-from-email-action-chip,general,critical,verified,copilot-auto-verify,tasks--start-lead-from-email-action-chip
accounting,accounting,prepare-for-cra-audit,accountant,critical,verified,copilot-auto-verify,accounting--prepare-for-cra-audit
payroll,payroll,pay-contractor-via-unified-identity,admin,critical,verified,copilot-auto-verify,payroll--pay-contractor-via-unified-identity
wellness,wellness,configure-hytexercise-break-routine,general,important,verified,copilot-auto-verify,wellness--configure-hytexercise-break-routine
strategy,ideas,capture-idea-during-active-workflow,general,important,verified,copilot-auto-verify,ideas--capture-idea-during-active-workflow
marketing,images,improve-imagen-campaign-output,general,important,verified,copilot-auto-verify,images--improve-imagen-campaign-output
governance,data,run-ethical-exit-data-export,admin,critical,verified,copilot-auto-verify,data--run-ethical-exit-data-export
files,files,create-folder,general,important,verified,copilot-auto-verify,files--create-folder
files,files,rename-folder,general,important,verified,copilot-auto-verify,files--rename-folder
files,files,archive-folder,general,important,verified,copilot-auto-verify,files--archive-folder
files,files,restore-archived-folder,admin,important,verified,copilot-auto-verify,files--restore-archived-folder
files,files,move-file-between-folders,general,important,verified,copilot-auto-verify,files--move-file-between-folders
files,files,version-control-document,general,important,verified,copilot-auto-verify,files--version-control-document
files,files,replace-document-version,general,important,verified,copilot-auto-verify,files--replace-document-version
files,files,lock-document-for-review,admin,important,verified,copilot-auto-verify,files--lock-document-for-review
files,files,unlock-document-after-review,admin,important,verified,copilot-auto-verify,files--unlock-document-after-review
files,files,share-document-with-team,general,important,verified,copilot-auto-verify,files--share-document-with-team
files,files,revoke-document-access,admin,critical,verified,copilot-auto-verify,files--revoke-document-access
files,files,set-document-retention-policy,admin,critical,verified,copilot-auto-verify,files--set-document-retention-policy
files,files,request-document-approval,general,important,verified,copilot-auto-verify,files--request-document-approval
files,files,approve-document,admin,important,verified,copilot-auto-verify,files--approve-document
files,files,reject-document,admin,important,verified,copilot-auto-verify,files--reject-document
files,files,bulk-upload-documents,general,critical,verified,copilot-auto-verify,files--bulk-upload-documents
files,files,scan-document-for-ocr,general,important,verified,copilot-auto-verify,files--scan-document-for-ocr
files,files,tag-document-for-search,general,important,verified,copilot-auto-verify,files--tag-document-for-search
files,files,resolve-upload-size-error,general,critical,verified,copilot-auto-verify,files--resolve-upload-size-error
files,files,resolve-unsupported-file-type,general,critical,verified,copilot-auto-verify,files--resolve-unsupported-file-type
files,files,recover-deleted-file,admin,critical,verified,copilot-auto-verify,files--recover-deleted-file
files,files,generate-share-link,general,important,verified,copilot-auto-verify,files--generate-share-link
files,files,expire-share-link,admin,important,verified,copilot-auto-verify,files--expire-share-link
files,files,audit-document-access,admin,critical,verified,copilot-auto-verify,files--audit-document-access
files,files,troubleshoot-document-sync-delay,admin,important,verified,copilot-auto-verify,files--troubleshoot-document-sync-delay
accounting,accounting,create-invoice,accountant,critical,verified,copilot-auto-verify,accounting--create-invoice
accounting,accounting,edit-invoice,accountant,important,verified,copilot-auto-verify,accounting--edit-invoice
accounting,accounting,void-invoice,accountant,critical,verified,copilot-auto-verify,accounting--void-invoice
accounting,accounting,record-customer-payment,accountant,critical,verified,copilot-auto-verify,accounting--record-customer-payment
accounting,accounting,issue-credit-note,accountant,important,verified,copilot-auto-verify,accounting--issue-credit-note
accounting,accounting,create-bill,accountant,critical,verified,copilot-auto-verify,accounting--create-bill
accounting,accounting,approve-bill,accountant,critical,verified,copilot-auto-verify,accounting--approve-bill
accounting,accounting,schedule-bill-payment,accountant,important,verified,copilot-auto-verify,accounting--schedule-bill-payment
accounting,accounting,record-vendor-payment,accountant,critical,verified,copilot-auto-verify,accounting--record-vendor-payment
accounting,accounting,manage-chart-of-accounts,admin,critical,verified,copilot-auto-verify,accounting--manage-chart-of-accounts
accounting,accounting,open-accounting-period,admin,critical,verified,copilot-auto-verify,accounting--open-accounting-period
accounting,accounting,close-accounting-period,admin,critical,verified,copilot-auto-verify,accounting--close-accounting-period
accounting,accounting,reopen-closed-period,admin,critical,verified,copilot-auto-verify,accounting--reopen-closed-period
accounting,accounting,run-trial-balance,accountant,critical,verified,copilot-auto-verify,accounting--run-trial-balance
accounting,accounting,prepare-balance-sheet,accountant,important,verified,copilot-auto-verify,accounting--prepare-balance-sheet
accounting,accounting,prepare-profit-loss,accountant,important,verified,copilot-auto-verify,accounting--prepare-profit-loss
accounting,accounting,post-accrual-adjustment,accountant,important,verified,copilot-auto-verify,accounting--post-accrual-adjustment
accounting,accounting,reverse-journal-entry,accountant,important,verified,copilot-auto-verify,accounting--reverse-journal-entry
accounting,accounting,allocate-cost-centers,accountant,important,verified,copilot-auto-verify,accounting--allocate-cost-centers
accounting,accounting,match-bank-feed-transactions,accountant,critical,verified,copilot-auto-verify,accounting--match-bank-feed-transactions
accounting,accounting,resolve-unbalanced-journal,accountant,critical,verified,copilot-auto-verify,accounting--resolve-unbalanced-journal
accounting,accounting,handle-duplicate-transaction,accountant,important,verified,copilot-auto-verify,accounting--handle-duplicate-transaction
accounting,accounting,calculate-sales-tax,accountant,critical,verified,copilot-auto-verify,accounting--calculate-sales-tax
accounting,accounting,file-tax-summary-report,accountant,important,verified,copilot-auto-verify,accounting--file-tax-summary-report
accounting,accounting,audit-ledger-changes,admin,critical,verified,copilot-auto-verify,accounting--audit-ledger-changes
payroll,payroll,onboard-payroll-employee,admin,critical,verified,copilot-auto-verify,payroll--onboard-payroll-employee
payroll,payroll,update-worker-tax-profile,admin,critical,verified,copilot-auto-verify,payroll--update-worker-tax-profile
payroll,payroll,set-worker-pay-rate,admin,critical,verified,copilot-auto-verify,payroll--set-worker-pay-rate
payroll,payroll,manage-benefit-deductions,admin,important,verified,copilot-auto-verify,payroll--manage-benefit-deductions
payroll,payroll,configure-overtime-rules,admin,important,verified,copilot-auto-verify,payroll--configure-overtime-rules
payroll,payroll,import-timesheets,accountant,critical,verified,copilot-auto-verify,payroll--import-timesheets
payroll,payroll,approve-timesheets,admin,critical,verified,copilot-auto-verify,payroll--approve-timesheets
payroll,payroll,lock-pay-period,admin,critical,verified,copilot-auto-verify,payroll--lock-pay-period
payroll,payroll,unlock-pay-period,admin,important,verified,copilot-auto-verify,payroll--unlock-pay-period
payroll,payroll,run-off-cycle-payroll,accountant,critical,verified,copilot-auto-verify,payroll--run-off-cycle-payroll
payroll,payroll,process-bonus-payroll,accountant,important,verified,copilot-auto-verify,payroll--process-bonus-payroll
payroll,payroll,process-termination-pay,accountant,critical,verified,copilot-auto-verify,payroll--process-termination-pay
payroll,payroll,generate-pay-stubs,accountant,important,verified,copilot-auto-verify,payroll--generate-pay-stubs
payroll,payroll,deliver-pay-stubs,admin,important,verified,copilot-auto-verify,payroll--deliver-pay-stubs
payroll,payroll,remit-payroll-taxes,accountant,critical,verified,copilot-auto-verify,payroll--remit-payroll-taxes
payroll,payroll,file-payroll-tax-return,accountant,critical,verified,copilot-auto-verify,payroll--file-payroll-tax-return
payroll,payroll,reconcile-payroll-liabilities,accountant,critical,verified,copilot-auto-verify,payroll--reconcile-payroll-liabilities
payroll,payroll,correct-missed-payroll,accountant,critical,verified,copilot-auto-verify,payroll--correct-missed-payroll
payroll,payroll,handle-payroll-overpayment,accountant,important,verified,copilot-auto-verify,payroll--handle-payroll-overpayment
payroll,payroll,recover-payroll-failure,admin,critical,verified,copilot-auto-verify,payroll--recover-payroll-failure
payroll,payroll,update-direct-deposit-details,admin,critical,verified,copilot-auto-verify,payroll--update-direct-deposit-details
payroll,payroll,resolve-direct-deposit-rejection,accountant,critical,verified,copilot-auto-verify,payroll--resolve-direct-deposit-rejection
payroll,payroll,audit-payroll-changes,admin,critical,verified,copilot-auto-verify,payroll--audit-payroll-changes
payroll,payroll,export-payroll-register,accountant,important,verified,copilot-auto-verify,payroll--export-payroll-register
payroll,payroll,close-payroll-year,admin,critical,verified,copilot-auto-verify,payroll--close-payroll-year
reporting,reports,create-custom-report,general,important,verified,copilot-auto-verify,reports--create-custom-report
reporting,reports,edit-custom-report,general,important,verified,copilot-auto-verify,reports--edit-custom-report
reporting,reports,delete-custom-report,admin,important,verified,copilot-auto-verify,reports--delete-custom-report
reporting,reports,schedule-report-delivery,general,important,verified,copilot-auto-verify,reports--schedule-report-delivery
reporting,reports,pause-scheduled-report,admin,important,verified,copilot-auto-verify,reports--pause-scheduled-report
reporting,reports,resume-scheduled-report,admin,important,verified,copilot-auto-verify,reports--resume-scheduled-report
reporting,reports,share-report-dashboard,general,important,verified,copilot-auto-verify,reports--share-report-dashboard
reporting,reports,revoke-report-access,admin,critical,verified,copilot-auto-verify,reports--revoke-report-access
reporting,reports,filter-report-by-date-range,general,important,verified,copilot-auto-verify,reports--filter-report-by-date-range
reporting,reports,compare-period-over-period,general,important,verified,copilot-auto-verify,reports--compare-period-over-period
reporting,reports,build-kpi-scorecard,consultant,important,verified,copilot-auto-verify,reports--build-kpi-scorecard
reporting,reports,create-exception-report,consultant,important,verified,copilot-auto-verify,reports--create-exception-report
reporting,reports,generate-audit-report,admin,critical,verified,copilot-auto-verify,reports--generate-audit-report
reporting,reports,run-compliance-report,admin,critical,verified,copilot-auto-verify,reports--run-compliance-report
reporting,reports,drill-down-report-details,general,important,verified,copilot-auto-verify,reports--drill-down-report-details
reporting,reports,save-report-template,general,important,verified,copilot-auto-verify,reports--save-report-template
reporting,reports,clone-report-template,general,important,verified,copilot-auto-verify,reports--clone-report-template
reporting,reports,set-report-alert-threshold,admin,important,verified,copilot-auto-verify,reports--set-report-alert-threshold
reporting,reports,resolve-report-data-lag,admin,critical,verified,copilot-auto-verify,reports--resolve-report-data-lag
reporting,reports,fix-empty-report-results,general,critical,verified,copilot-auto-verify,reports--fix-empty-report-results
reporting,reports,troubleshoot-report-permission-error,admin,critical,verified,copilot-auto-verify,reports--troubleshoot-report-permission-error
reporting,reports,export-report-csv,general,important,verified,copilot-auto-verify,reports--export-report-csv
reporting,reports,export-report-pdf,general,important,verified,copilot-auto-verify,reports--export-report-pdf
reporting,reports,email-report-to-stakeholders,general,important,verified,copilot-auto-verify,reports--email-report-to-stakeholders
reporting,reports,archive-report-snapshot,admin,important,verified,copilot-auto-verify,reports--archive-report-snapshot
admin,settings,create-custom-role,admin,critical,verified,copilot-auto-verify,settings--create-custom-role
admin,settings,edit-custom-role,admin,critical,verified,copilot-auto-verify,settings--edit-custom-role
admin,settings,delete-custom-role,admin,critical,verified,copilot-auto-verify,settings--delete-custom-role
admin,settings,assign-role-to-user,admin,critical,verified,copilot-auto-verify,settings--assign-role-to-user
admin,settings,remove-role-from-user,admin,critical,verified,copilot-auto-verify,settings--remove-role-from-user
admin,settings,configure-module-access,admin,critical,verified,copilot-auto-verify,settings--configure-module-access
admin,settings,configure-field-level-permissions,admin,critical,verified,copilot-auto-verify,settings--configure-field-level-permissions
admin,settings,set-approval-workflow-rules,admin,important,verified,copilot-auto-verify,settings--set-approval-workflow-rules
admin,settings,edit-approval-workflow-rules,admin,important,verified,copilot-auto-verify,settings--edit-approval-workflow-rules
admin,settings,disable-approval-workflow,admin,important,verified,copilot-auto-verify,settings--disable-approval-workflow
admin,settings,configure-notification-rules,admin,important,verified,copilot-auto-verify,settings--configure-notification-rules
admin,settings,configure-email-templates,admin,important,verified,copilot-auto-verify,settings--configure-email-templates
admin,settings,set-data-retention-rules,admin,critical,verified,copilot-auto-verify,settings--set-data-retention-rules
admin,settings,set-backup-schedule,admin,critical,verified,copilot-auto-verify,settings--set-backup-schedule
admin,settings,restore-system-backup,admin,critical,verified,copilot-auto-verify,settings--restore-system-backup
admin,settings,manage-api-keys,admin,critical,verified,copilot-auto-verify,settings--manage-api-keys
admin,settings,rotate-api-keys,admin,critical,verified,copilot-auto-verify,settings--rotate-api-keys
admin,settings,configure-webhooks,admin,important,verified,copilot-auto-verify,settings--configure-webhooks
admin,settings,test-webhook-delivery,admin,important,verified,copilot-auto-verify,settings--test-webhook-delivery
admin,settings,configure-integration-connection,admin,important,verified,copilot-auto-verify,settings--configure-integration-connection
admin,settings,disconnect-integration-connection,admin,important,verified,copilot-auto-verify,settings--disconnect-integration-connection
admin,settings,manage-feature-flags,admin,important,verified,copilot-auto-verify,settings--manage-feature-flags
admin,settings,enable-maintenance-mode,admin,critical,verified,copilot-auto-verify,settings--enable-maintenance-mode
admin,settings,disable-maintenance-mode,admin,critical,verified,copilot-auto-verify,settings--disable-maintenance-mode
admin,settings,troubleshoot-settings-propagation-delay,admin,important,verified,copilot-auto-verify,settings--troubleshoot-settings-propagation-delay
assistant,knowledge,create-guide-from-template,admin,important,verified,copilot-auto-verify,knowledge--create-guide-from-template
assistant,knowledge,edit-guide-content,admin,important,verified,copilot-auto-verify,knowledge--edit-guide-content
assistant,knowledge,archive-guide,admin,important,verified,copilot-auto-verify,knowledge--archive-guide
assistant,knowledge,restore-archived-guide,admin,important,verified,copilot-auto-verify,knowledge--restore-archived-guide
assistant,knowledge,tag-guide-keywords,admin,important,verified,copilot-auto-verify,knowledge--tag-guide-keywords
assistant,knowledge,map-guide-to-intent,admin,critical,verified,copilot-auto-verify,knowledge--map-guide-to-intent
assistant,knowledge,split-guide-into-chunks,admin,critical,verified,copilot-auto-verify,knowledge--split-guide-into-chunks
assistant,knowledge,merge-duplicate-guides,admin,important,verified,copilot-auto-verify,knowledge--merge-duplicate-guides
assistant,knowledge,run-embedding-refresh,admin,critical,verified,copilot-auto-verify,knowledge--run-embedding-refresh
assistant,knowledge,reindex-vector-corpus,admin,critical,verified,copilot-auto-verify,knowledge--reindex-vector-corpus
assistant,knowledge,validate-guide-schema,admin,critical,verified,copilot-auto-verify,knowledge--validate-guide-schema
assistant,knowledge,review-guide-quality-score,admin,important,verified,copilot-auto-verify,knowledge--review-guide-quality-score
assistant,knowledge,approve-guide-for-publish,admin,important,verified,copilot-auto-verify,knowledge--approve-guide-for-publish
assistant,knowledge,rollback-guide-version,admin,critical,verified,copilot-auto-verify,knowledge--rollback-guide-version
assistant,knowledge,compare-guide-versions,admin,important,verified,copilot-auto-verify,knowledge--compare-guide-versions
assistant,knowledge,identify-coverage-gaps,admin,critical,verified,copilot-auto-verify,knowledge--identify-coverage-gaps
assistant,knowledge,generate-guides-from-matrix,admin,critical,verified,copilot-auto-verify,knowledge--generate-guides-from-matrix
assistant,knowledge,verify-guide-answer-quality,admin,critical,verified,copilot-auto-verify,knowledge--verify-guide-answer-quality
assistant,knowledge,triage-failing-intents,admin,critical,verified,copilot-auto-verify,knowledge--triage-failing-intents
assistant,knowledge,monitor-assistant-latency,admin,important,verified,copilot-auto-verify,knowledge--monitor-assistant-latency
assistant,knowledge,monitor-answer-grounding,admin,important,verified,copilot-auto-verify,knowledge--monitor-answer-grounding
assistant,knowledge,configure-assistant-safety-policy,admin,critical,verified,copilot-auto-verify,knowledge--configure-assistant-safety-policy
assistant,knowledge,audit-assistant-responses,admin,critical,verified,copilot-auto-verify,knowledge--audit-assistant-responses
assistant,knowledge,export-knowledge-base,admin,important,verified,copilot-auto-verify,knowledge--export-knowledge-base
assistant,knowledge,troubleshoot-vector-index-error,admin,critical,verified,copilot-auto-verify,knowledge--troubleshoot-vector-index-error
productivity,tasks,create-task,general,critical,verified,copilot-auto-verify,tasks--create-task
productivity,tasks,edit-task,general,important,verified,copilot-auto-verify,tasks--edit-task
productivity,tasks,delete-task,general,important,verified,copilot-auto-verify,tasks--delete-task
productivity,tasks,assign-task,admin,critical,verified,copilot-auto-verify,tasks--assign-task
productivity,tasks,reassign-task,admin,important,verified,copilot-auto-verify,tasks--reassign-task
productivity,tasks,set-task-priority,general,important,verified,copilot-auto-verify,tasks--set-task-priority
productivity,tasks,add-task-dependency,general,important,verified,copilot-auto-verify,tasks--add-task-dependency
productivity,tasks,remove-task-dependency,general,important,verified,copilot-auto-verify,tasks--remove-task-dependency
productivity,tasks,set-task-due-date,general,important,verified,copilot-auto-verify,tasks--set-task-due-date
productivity,tasks,snooze-task,general,important,verified,copilot-auto-verify,tasks--snooze-task
productivity,tasks,start-task,general,important,verified,copilot-auto-verify,tasks--start-task
productivity,tasks,pause-task,general,important,verified,copilot-auto-verify,tasks--pause-task
productivity,tasks,resume-task,general,important,verified,copilot-auto-verify,tasks--resume-task
productivity,tasks,complete-task,general,critical,verified,copilot-auto-verify,tasks--complete-task
productivity,tasks,reopen-task,general,important,verified,copilot-auto-verify,tasks--reopen-task
productivity,tasks,bulk-update-tasks,admin,important,verified,copilot-auto-verify,tasks--bulk-update-tasks
productivity,tasks,archive-completed-tasks,admin,important,verified,copilot-auto-verify,tasks--archive-completed-tasks
productivity,tasks,restore-archived-task,admin,important,verified,copilot-auto-verify,tasks--restore-archived-task
productivity,tasks,convert-task-to-action-chip,general,important,verified,copilot-auto-verify,tasks--convert-task-to-action-chip
productivity,tasks,link-task-to-contact,general,important,verified,copilot-auto-verify,tasks--link-task-to-contact
productivity,tasks,link-task-to-document,general,important,verified,copilot-auto-verify,tasks--link-task-to-document
productivity,tasks,resolve-task-assignment-error,admin,critical,verified,copilot-auto-verify,tasks--resolve-task-assignment-error
productivity,tasks,recover-missing-task,admin,critical,verified,copilot-auto-verify,tasks--recover-missing-task
productivity,tasks,audit-task-history,admin,important,verified,copilot-auto-verify,tasks--audit-task-history
productivity,tasks,configure-task-automation-rule,admin,important,verified,copilot-auto-verify,tasks--configure-task-automation-rule
productivity,calendar,connect-calendar-provider,admin,critical,verified,copilot-auto-verify,calendar--connect-calendar-provider
productivity,calendar,disconnect-calendar-provider,admin,important,verified,copilot-auto-verify,calendar--disconnect-calendar-provider
productivity,calendar,sync-calendar-events,general,critical,verified,copilot-auto-verify,calendar--sync-calendar-events
productivity,calendar,resolve-calendar-sync-error,admin,critical,verified,copilot-auto-verify,calendar--resolve-calendar-sync-error
productivity,calendar,create-calendar-event,general,critical,verified,copilot-auto-verify,calendar--create-calendar-event
productivity,calendar,edit-calendar-event,general,important,verified,copilot-auto-verify,calendar--edit-calendar-event
productivity,calendar,cancel-calendar-event,general,important,verified,copilot-auto-verify,calendar--cancel-calendar-event
productivity,calendar,reschedule-calendar-event,general,important,verified,copilot-auto-verify,calendar--reschedule-calendar-event
productivity,calendar,set-recurring-event,general,important,verified,copilot-auto-verify,calendar--set-recurring-event
productivity,calendar,end-recurring-series,general,important,verified,copilot-auto-verify,calendar--end-recurring-series
productivity,calendar,invite-attendees,general,important,verified,copilot-auto-verify,calendar--invite-attendees
productivity,calendar,remove-attendee,general,important,verified,copilot-auto-verify,calendar--remove-attendee
productivity,calendar,attach-meeting-notes,general,important,verified,copilot-auto-verify,calendar--attach-meeting-notes
productivity,calendar,link-event-to-contact,general,important,verified,copilot-auto-verify,calendar--link-event-to-contact
productivity,calendar,link-event-to-task,general,important,verified,copilot-auto-verify,calendar--link-event-to-task
productivity,calendar,create-availability-block,general,important,verified,copilot-auto-verify,calendar--create-availability-block
productivity,calendar,publish-booking-link,admin,important,verified,copilot-auto-verify,calendar--publish-booking-link
productivity,calendar,update-booking-hours,admin,important,verified,copilot-auto-verify,calendar--update-booking-hours
productivity,calendar,handle-double-booking-conflict,general,critical,verified,copilot-auto-verify,calendar--handle-double-booking-conflict
productivity,calendar,configure-timezone-settings,admin,important,verified,copilot-auto-verify,calendar--configure-timezone-settings
productivity,calendar,send-event-reminders,general,important,verified,copilot-auto-verify,calendar--send-event-reminders
productivity,calendar,troubleshoot-missing-invites,admin,critical,verified,copilot-auto-verify,calendar--troubleshoot-missing-invites
productivity,calendar,export-calendar-events,general,important,verified,copilot-auto-verify,calendar--export-calendar-events
productivity,calendar,import-calendar-events,admin,important,verified,copilot-auto-verify,calendar--import-calendar-events
productivity,calendar,audit-calendar-changes,admin,important,verified,copilot-auto-verify,calendar--audit-calendar-changes
accounting,accounting,build-audit-readiness-checklist,accountant,critical,verified,copilot-auto-verify,accounting--build-audit-readiness-checklist
accounting,accounting,map-audit-request-to-source-documents,accountant,critical,verified,copilot-auto-verify,accounting--map-audit-request-to-source-documents
accounting,accounting,reconcile-subledger-to-general-ledger,accountant,critical,verified,copilot-auto-verify,accounting--reconcile-subledger-to-general-ledger
accounting,accounting,assemble-audit-evidence-package,accountant,critical,verified,copilot-auto-verify,accounting--assemble-audit-evidence-package
accounting,accounting,resolve-missing-audit-evidence,accountant,critical,verified,copilot-auto-verify,accounting--resolve-missing-audit-evidence
accounting,accounting,lock-audit-evidence-snapshot,admin,critical,verified,copilot-auto-verify,accounting--lock-audit-evidence-snapshot
accounting,accounting,validate-period-end-supporting-schedules,accountant,important,verified,copilot-auto-verify,accounting--validate-period-end-supporting-schedules
accounting,accounting,produce-ledger-detail-with-support-links,accountant,important,verified,copilot-auto-verify,accounting--produce-ledger-detail-with-support-links
accounting,accounting,generate-pbc-request-tracker,accountant,important,verified,copilot-auto-verify,accounting--generate-pbc-request-tracker
accounting,accounting,assign-pbc-request-owner,admin,important,verified,copilot-auto-verify,accounting--assign-pbc-request-owner
accounting,accounting,monitor-open-audit-requests,admin,important,verified,copilot-auto-verify,accounting--monitor-open-audit-requests
accounting,accounting,perform-variance-analysis-for-audit,accountant,important,verified,copilot-auto-verify,accounting--perform-variance-analysis-for-audit
payroll,payroll,create-job-posting,admin,important,verified,copilot-auto-verify,payroll--create-job-posting
payroll,payroll,publish-job-posting,admin,important,verified,copilot-auto-verify,payroll--publish-job-posting
payroll,payroll,screen-candidate-application,admin,important,verified,copilot-auto-verify,payroll--screen-candidate-application
payroll,payroll,schedule-candidate-interview,admin,important,verified,copilot-auto-verify,payroll--schedule-candidate-interview
payroll,payroll,record-interview-feedback,admin,important,verified,copilot-auto-verify,payroll--record-interview-feedback
payroll,payroll,issue-offer-letter,admin,critical,verified,copilot-auto-verify,payroll--issue-offer-letter
payroll,payroll,onboard-new-hire-checklist,admin,critical,verified,copilot-auto-verify,payroll--onboard-new-hire-checklist
payroll,payroll,assign-manager-to-employee,admin,important,verified,copilot-auto-verify,payroll--assign-manager-to-employee
payroll,payroll,set-employee-work-schedule,admin,important,verified,copilot-auto-verify,payroll--set-employee-work-schedule
payroll,payroll,approve-time-off-request,admin,critical,verified,copilot-auto-verify,payroll--approve-time-off-request
payroll,payroll,deny-time-off-request,admin,important,verified,copilot-auto-verify,payroll--deny-time-off-request
payroll,payroll,track-pto-balance,general,important,verified,copilot-auto-verify,payroll--track-pto-balance
payroll,payroll,update-employee-emergency-contact,general,important,verified,copilot-auto-verify,payroll--update-employee-emergency-contact
payroll,payroll,manage-employee-documents,admin,important,verified,copilot-auto-verify,payroll--manage-employee-documents
payroll,payroll,complete-employee-offboarding-checklist,admin,critical,verified,copilot-auto-verify,payroll--complete-employee-offboarding-checklist
payroll,payroll,revoke-system-access-on-termination,admin,critical,verified,copilot-auto-verify,payroll--revoke-system-access-on-termination
payroll,payroll,acknowledge-policy-signoff,general,important,verified,copilot-auto-verify,payroll--acknowledge-policy-signoff
payroll,payroll,run-hr-compliance-audit,admin,critical,verified,copilot-auto-verify,payroll--run-hr-compliance-audit
inventory,inventory,create-inventory-item,admin,critical,verified,copilot-auto-verify,inventory--create-inventory-item
inventory,inventory,edit-inventory-item,admin,important,verified,copilot-auto-verify,inventory--edit-inventory-item
inventory,inventory,archive-inventory-item,admin,important,verified,copilot-auto-verify,inventory--archive-inventory-item
inventory,inventory,restore-archived-inventory-item,admin,important,verified,copilot-auto-verify,inventory--restore-archived-inventory-item
inventory,inventory,update-stock-quantity,admin,critical,verified,copilot-auto-verify,inventory--update-stock-quantity
inventory,inventory,record-stock-adjustment,admin,critical,verified,copilot-auto-verify,inventory--record-stock-adjustment
inventory,inventory,log-inventory-shrinkage,admin,important,verified,copilot-auto-verify,inventory--log-inventory-shrinkage
inventory,inventory,record-destroyed-inventory,admin,important,verified,copilot-auto-verify,inventory--record-destroyed-inventory
inventory,inventory,track-item-movement-history,admin,important,verified,copilot-auto-verify,inventory--track-item-movement-history
inventory,inventory,review-item-history,admin,important,verified,copilot-auto-verify,inventory--review-item-history
inventory,inventory,search-inventory-by-sku,admin,important,verified,copilot-auto-verify,inventory--search-inventory-by-sku
inventory,inventory,edit-item-sku,admin,important,verified,copilot-auto-verify,inventory--edit-item-sku
inventory,inventory,set-item-reorder-threshold,admin,important,verified,copilot-auto-verify,inventory--set-item-reorder-threshold
inventory,inventory,identify-low-stock-items,admin,critical,verified,copilot-auto-verify,inventory--identify-low-stock-items
inventory,inventory,process-pos-sale,admin,critical,verified,copilot-auto-verify,inventory--process-pos-sale
inventory,inventory,reverse-pos-sale,admin,critical,verified,copilot-auto-verify,inventory--reverse-pos-sale
inventory,inventory,consume-inventory-for-internal-use,admin,important,verified,copilot-auto-verify,inventory--consume-inventory-for-internal-use
inventory,inventory,audit-inventory-adjustments,admin,critical,verified,copilot-auto-verify,inventory--audit-inventory-adjustments
marketing,marketing,define-target-audience,consultant,critical,verified,copilot-auto-verify,marketing--define-target-audience
marketing,marketing,craft-core-value-proposition,consultant,critical,verified,copilot-auto-verify,marketing--craft-core-value-proposition
marketing,marketing,create-beta-waitlist-campaign,consultant,critical,verified,copilot-auto-verify,marketing--create-beta-waitlist-campaign
marketing,marketing,build-landing-page-conversion-brief,consultant,critical,verified,copilot-auto-verify,marketing--build-landing-page-conversion-brief
marketing,marketing,plan-linkedin-teaser-campaign,consultant,important,verified,copilot-auto-verify,marketing--plan-linkedin-teaser-campaign
marketing,marketing,launch-founder-network-outreach,consultant,important,verified,copilot-auto-verify,marketing--launch-founder-network-outreach
marketing,marketing,send-beta-invite-batch,admin,critical,verified,copilot-auto-verify,marketing--send-beta-invite-batch
marketing,marketing,write-beta-welcome-email,consultant,important,verified,copilot-auto-verify,marketing--write-beta-welcome-email
marketing,marketing,collect-beta-feedback,admin,critical,verified,copilot-auto-verify,marketing--collect-beta-feedback
marketing,marketing,run-weekly-beta-survey,consultant,important,verified,copilot-auto-verify,marketing--run-weekly-beta-survey
marketing,marketing,identify-beta-champions,consultant,important,verified,copilot-auto-verify,marketing--identify-beta-champions
marketing,marketing,prepare-founder-discount-offer,admin,important,verified,copilot-auto-verify,marketing--prepare-founder-discount-offer
marketing,marketing,publish-public-launch-announcement,consultant,critical,verified,copilot-auto-verify,marketing--publish-public-launch-announcement
marketing,marketing,create-customer-testimonial-asset,consultant,important,verified,copilot-auto-verify,marketing--create-customer-testimonial-asset
marketing,marketing,build-case-study-outline,consultant,important,verified,copilot-auto-verify,marketing--build-case-study-outline
marketing,marketing,plan-content-marketing-calendar,consultant,important,verified,copilot-auto-verify,marketing--plan-content-marketing-calendar
marketing,marketing,measure-campaign-conversion-performance,consultant,important,verified,copilot-auto-verify,marketing--measure-campaign-conversion-performance
marketing,marketing,iterate-marketing-plan-from-feedback,consultant,important,verified,copilot-auto-verify,marketing--iterate-marketing-plan-from-feedback
wellness,wellness,start-hytexercise-routine,general,important,verified,copilot-auto-verify,wellness--start-hytexercise-routine
wellness,wellness,pause-or-end-hytexercise-break,general,important,verified,copilot-auto-verify,wellness--pause-or-end-hytexercise-break
wellness,wellness,set-hytexercise-break-frequency,general,important,verified,copilot-auto-verify,wellness--set-hytexercise-break-frequency
wellness,wellness,set-hytexercise-break-duration,general,important,verified,copilot-auto-verify,wellness--set-hytexercise-break-duration
wellness,wellness,test-hytexercise-break-alert,general,important,verified,copilot-auto-verify,wellness--test-hytexercise-break-alert
wellness,wellness,view-hytexercise-weekly-activity,general,important,verified,copilot-auto-verify,wellness--view-hytexercise-weekly-activity
wellness,wellness,view-hytexercise-time-exercised,general,important,verified,copilot-auto-verify,wellness--view-hytexercise-time-exercised
wellness,wellness,list-hytexercise-chair-exercises,general,important,verified,copilot-auto-verify,wellness--list-hytexercise-chair-exercises
tools,image-generator,open-image-generator-workspace,general,important,verified,copilot-auto-verify,image-generator--open-image-generator-workspace
tools,image-generator,generate-image-from-prompt,general,critical,verified,copilot-auto-verify,image-generator--generate-image-from-prompt
tools,image-generator,refine-image-prompt-for-better-output,general,important,verified,copilot-auto-verify,image-generator--refine-image-prompt-for-better-output
tools,image-generator,regenerate-image-with-modified-prompt,general,important,verified,copilot-auto-verify,image-generator--regenerate-image-with-modified-prompt
tools,image-generator,generate-marketing-creative-image,general,important,verified,copilot-auto-verify,image-generator--generate-marketing-creative-image
tools,image-generator,handle-image-generation-failure,general,critical,verified,copilot-auto-verify,image-generator--handle-image-generation-failure
tools,image-generator,resolve-image-generation-unauthorized-error,general,critical,verified,copilot-auto-verify,image-generator--resolve-image-generation-unauthorized-error
tools,image-generator,troubleshoot-missing-generated-image-url,general,critical,verified,copilot-auto-verify,image-generator--troubleshoot-missing-generated-image-url
tools,image-generator,download-generated-image,general,important,verified,copilot-auto-verify,image-generator--download-generated-image
tools,image-generator,close-image-generator-and-return-to-action-manager,general,important,draft,copilot-auto-verify,image-generator--close-image-generator-and-return-to-action-manager
admin,settings,update-user-profile-settings,general,important,draft,copilot-auto-verify,settings--update-user-profile-settings
admin,settings,save-settings-changes,general,important,verified,copilot-auto-verify,settings--save-settings-changes
admin,settings,configure-voice-dictation-preference,general,important,verified,copilot-auto-verify,settings--configure-voice-dictation-preference
admin,settings,set-default-sales-tax-rate,general,important,verified,copilot-auto-verify,settings--set-default-sales-tax-rate
admin,settings,apply-visual-identity-theme-preset,general,important,verified,copilot-auto-verify,settings--apply-visual-identity-theme-preset
admin,settings,save-custom-visual-theme-preset,general,important,verified,copilot-auto-verify,settings--save-custom-visual-theme-preset
admin,settings,delete-custom-visual-theme-preset,general,important,verified,copilot-auto-verify,settings--delete-custom-visual-theme-preset
admin,settings,reset-visual-identity-to-default,general,important,verified,copilot-auto-verify,settings--reset-visual-identity-to-default
admin,settings,open-site-images-manager,admin,important,verified,copilot-auto-verify,settings--open-site-images-manager
admin,settings,upload-new-site-image,admin,critical,verified,copilot-auto-verify,settings--upload-new-site-image
admin,settings,replace-existing-site-image,admin,critical,verified,copilot-auto-verify,settings--replace-existing-site-image
admin,settings,delete-site-image,admin,critical,verified,copilot-auto-verify,settings--delete-site-image
admin,settings,configure-daily-planning-ritual,general,important,verified,copilot-auto-verify,settings--configure-daily-planning-ritual
admin,settings,configure-weekly-planning-ritual,general,important,verified,copilot-auto-verify,settings--configure-weekly-planning-ritual
admin,settings,repeat-daily-ritual-across-weekdays,general,important,verified,copilot-auto-verify,settings--repeat-daily-ritual-across-weekdays
admin,settings,invite-team-user-to-workspace,admin,critical,verified,copilot-auto-verify,settings--invite-team-user-to-workspace
admin,settings,manage-team-authority-levels,admin,critical,verified,copilot-auto-verify,settings--manage-team-authority-levels
admin,settings,change-team-member-password,admin,critical,verified,copilot-auto-verify,settings--change-team-member-password
admin,settings,remove-team-member-record,admin,critical,verified,copilot-auto-verify,settings--remove-team-member-record
tools,image-manager,open-image-manager-workspace,general,important,verified,copilot-auto-verify,image-manager--open-image-manager-workspace
tools,image-manager,upload-new-site-image,admin,critical,verified,copilot-auto-verify,image-manager--upload-new-site-image
tools,image-manager,validate-unique-image-id-before-upload,admin,important,verified,copilot-auto-verify,image-manager--validate-unique-image-id-before-upload
tools,image-manager,replace-existing-site-image,admin,critical,verified,copilot-auto-verify,image-manager--replace-existing-site-image
tools,image-manager,confirm-image-replacement-preview,admin,important,verified,copilot-auto-verify,image-manager--confirm-image-replacement-preview
tools,image-manager,delete-site-image,admin,critical,verified,copilot-auto-verify,image-manager--delete-site-image
tools,image-manager,recover-from-image-upload-failure,admin,critical,verified,copilot-auto-verify,image-manager--recover-from-image-upload-failure
tools,image-manager,recover-from-image-delete-failure,admin,critical,verified,copilot-auto-verify,image-manager--recover-from-image-delete-failure
tools,image-manager,refresh-image-library-after-change,admin,important,verified,copilot-auto-verify,image-manager--refresh-image-library-after-change
tools,image-manager,manage-image-library-assets,admin,important,verified,copilot-auto-verify,image-manager--manage-image-library-assets
backup,backup,open-backup-manager-workspace,admin,important,verified,copilot-auto-verify,backup--open-backup-manager-workspace
backup,backup,select-backup-types-for-export,admin,important,draft,copilot-auto-verify,backup--select-backup-types-for-export
backup,backup,execute-firestore-backup-export,admin,critical,draft,copilot-auto-verify,backup--execute-firestore-backup-export
backup,backup,execute-auth-backup-export,admin,critical,draft,copilot-auto-verify,backup--execute-auth-backup-export
backup,backup,run-combined-firestore-and-auth-backup,admin,critical,verified,copilot-auto-verify,backup--run-combined-firestore-and-auth-backup
backup,backup,prevent-backup-run-without-selection,admin,important,verified,copilot-auto-verify,backup--prevent-backup-run-without-selection
backup,backup,monitor-backup-session-status,admin,important,verified,copilot-auto-verify,backup--monitor-backup-session-status
backup,backup,handle-firestore-backup-failure,admin,critical,verified,copilot-auto-verify,backup--handle-firestore-backup-failure
backup,backup,handle-auth-backup-failure,admin,critical,verified,copilot-auto-verify,backup--handle-auth-backup-failure
backup,backup,locate-backup-bucket-destination,admin,important,verified,copilot-auto-verify,backup--locate-backup-bucket-destination
backup,backup,download-exported-backup-payloads,admin,important,draft,copilot-auto-verify,backup--download-exported-backup-payloads
backup,backup,prepare-export-payload-for-third-party-ingestion,admin,important,draft,copilot-auto-verify,backup--prepare-export-payload-for-third-party-ingestion
admin,user-manager,open-user-manager-dashboard,admin,important,verified,copilot-auto-verify,user-manager--open-user-manager-dashboard
admin,user-manager,enforce-admin-only-user-manager-access,admin,critical,verified,copilot-auto-verify,user-manager--enforce-admin-only-user-manager-access
admin,user-manager,review-authenticated-user-directory,admin,important,verified,copilot-auto-verify,user-manager--review-authenticated-user-directory
admin,user-manager,add-user-from-contact-directory,admin,critical,draft,copilot-auto-verify,user-manager--add-user-from-contact-directory
admin,user-manager,provision-new-user-credential-node,admin,critical,verified,copilot-auto-verify,user-manager--provision-new-user-credential-node
admin,user-manager,edit-user-profile-details,admin,important,draft,copilot-auto-verify,user-manager--edit-user-profile-details
admin,user-manager,assign-user-access-level,admin,critical,verified,copilot-auto-verify,user-manager--assign-user-access-level
admin,user-manager,revoke-user-access-level,admin,critical,verified,copilot-auto-verify,user-manager--revoke-user-access-level
admin,user-manager,change-user-password,admin,critical,verified,copilot-auto-verify,user-manager--change-user-password
admin,user-manager,delete-user-profile-record,admin,critical,verified,copilot-auto-verify,user-manager--delete-user-profile-record
admin,user-manager,invite-user-to-organization,admin,critical,verified,copilot-auto-verify,user-manager--invite-user-to-organization
admin,user-manager,enforce-invite-role-hierarchy-rules,admin,critical,draft,copilot-auto-verify,user-manager--enforce-invite-role-hierarchy-rules
admin,user-manager,resolve-user-manager-load-failure,admin,important,verified,copilot-auto-verify,user-manager--resolve-user-manager-load-failure
admin,user-manager,open-user-management-protocol-instructions,admin,important,verified,copilot-auto-verify,user-manager--open-user-management-protocol-instructions
productivity,email-hub,open-email-hub-workspace,general,important,verified,copilot-auto-verify,email-hub--open-email-hub-workspace
productivity,email-hub,launch-gmail-inbox-from-email-hub,general,important,verified,copilot-auto-verify,email-hub--launch-gmail-inbox-from-email-hub
productivity,email-hub,open-document-manager-mirror-from-email-hub,general,important,draft,copilot-auto-verify,email-hub--open-document-manager-mirror-from-email-hub
productivity,email-hub,archive-email-thread-using-pdf-method,general,critical,verified,copilot-auto-verify,email-hub--archive-email-thread-using-pdf-method
productivity,email-hub,apply-audit-ready-email-file-naming-protocol,general,important,draft,copilot-auto-verify,email-hub--apply-audit-ready-email-file-naming-protocol
productivity,email-hub,open-schedule-and-bill-email-activity,general,important,verified,copilot-auto-verify,email-hub--open-schedule-and-bill-email-activity
productivity,email-hub,link-email-activity-to-contact,general,critical,draft,copilot-auto-verify,email-hub--link-email-activity-to-contact
productivity,email-hub,create-or-edit-contact-during-email-log,general,important,draft,copilot-auto-verify,email-hub--create-or-edit-contact-during-email-log
productivity,email-hub,save-email-activity-to-contact-folder,general,critical,draft,copilot-auto-verify,email-hub--save-email-activity-to-contact-folder
productivity,email-hub,capture-email-activity-time-window,general,important,verified,copilot-auto-verify,email-hub--capture-email-activity-time-window
productivity,email-hub,push-email-activity-to-master-mind,general,critical,verified,copilot-auto-verify,email-hub--push-email-activity-to-master-mind
productivity,email-hub,resolve-email-log-save-failure,general,critical,verified,copilot-auto-verify,email-hub--resolve-email-log-save-failure
productivity,email-hub,resolve-missing-contact-or-subject-before-log,general,important,verified,copilot-auto-verify,email-hub--resolve-missing-contact-or-subject-before-log
productivity,email-hub,review-email-hub-integration-instructions,general,important,verified,copilot-auto-verify,email-hub--review-email-hub-integration-instructions
crm,contacts,create-contact-folder,admin,important,verified,copilot-auto-verify,contacts--create-contact-folder
crm,contacts,create-contact-subfolder,admin,important,verified,copilot-auto-verify,contacts--create-contact-subfolder
crm,contacts,rename-contact-folder,admin,important,verified,copilot-auto-verify,contacts--rename-contact-folder
crm,contacts,move-contact-between-folders,general,important,verified,copilot-auto-verify,contacts--move-contact-between-folders
crm,contacts,move-contact-folder-hierarchy,admin,important,verified,copilot-auto-verify,contacts--move-contact-folder-hierarchy
crm,contacts,delete-contact-folder,admin,critical,verified,copilot-auto-verify,contacts--delete-contact-folder
crm,contacts,bulk-delete-contacts,admin,critical,verified,copilot-auto-verify,contacts--bulk-delete-contacts
crm,contacts,select-all-visible-contacts-for-bulk-actions,general,important,verified,copilot-auto-verify,contacts--select-all-visible-contacts-for-bulk-actions
crm,contacts,open-contact-evidence-folder,general,important,verified,copilot-auto-verify,contacts--open-contact-evidence-folder
crm,contacts,create-contact-with-worker-hr-metadata,admin,critical,verified,copilot-auto-verify,contacts--create-contact-with-worker-hr-metadata
crm,contacts,scrub-worker-hr-fields-for-non-worker-contact,admin,critical,verified,copilot-auto-verify,contacts--scrub-worker-hr-fields-for-non-worker-contact
crm,contacts,link-contact-activity-to-time-log,general,important,verified,copilot-auto-verify,contacts--link-contact-activity-to-time-log
crm,contacts,open-contact-log-time-dialog,general,important,verified,copilot-auto-verify,contacts--open-contact-log-time-dialog
crm,contacts,resolve-contact-save-failure,general,critical,verified,copilot-auto-verify,contacts--resolve-contact-save-failure
crm,contacts,resolve-contact-folder-move-failure,admin,important,verified,copilot-auto-verify,contacts--resolve-contact-folder-move-failure
productivity,projects,open-project-register,general,important,verified,copilot-auto-verify,projects--open-project-register
productivity,projects,create-blank-project,general,critical,verified,copilot-auto-verify,projects--create-blank-project
productivity,projects,create-project-from-template,general,critical,verified,copilot-auto-verify,projects--create-project-from-template
productivity,projects,edit-project-details,general,important,verified,copilot-auto-verify,projects--edit-project-details
productivity,projects,delete-project-and-associated-tasks,admin,critical,draft,copilot-auto-verify,projects--delete-project-and-associated-tasks
productivity,projects,bulk-delete-projects,admin,critical,verified,copilot-auto-verify,projects--bulk-delete-projects
productivity,projects,open-project-task-board,general,important,verified,copilot-auto-verify,projects--open-project-task-board
productivity,projects,open-project-planner,general,important,verified,copilot-auto-verify,projects--open-project-planner
productivity,projects,save-project-as-template,general,important,verified,copilot-auto-verify,projects--save-project-as-template
productivity,projects,edit-project-template,general,important,verified,copilot-auto-verify,projects--edit-project-template
productivity,projects,delete-project-template,general,important,verified,copilot-auto-verify,projects--delete-project-template
productivity,projects,assign-project-to-contact,general,important,draft,copilot-auto-verify,projects--assign-project-to-contact
productivity,projects,create-project-step,general,important,verified,copilot-auto-verify,projects--create-project-step
productivity,projects,reorder-project-steps,general,important,verified,copilot-auto-verify,projects--reorder-project-steps
productivity,projects,delete-project-step-and-linked-task,general,important,verified,copilot-auto-verify,projects--delete-project-step-and-linked-task
productivity,projects,convert-task-into-new-project,general,important,draft,copilot-auto-verify,projects--convert-task-into-new-project
productivity,project-status,open-project-board-status-columns,general,important,verified,copilot-auto-verify,project-status--open-project-board-status-columns
productivity,project-status,add-task-to-todo-column,general,critical,verified,copilot-auto-verify,project-status--add-task-to-todo-column
productivity,project-status,drag-task-between-status-columns,general,critical,verified,copilot-auto-verify,project-status--drag-task-between-status-columns
productivity,project-status,reorder-task-within-status-column,general,important,draft,copilot-auto-verify,project-status--reorder-task-within-status-column
productivity,project-status,mark-task-as-done-from-board,general,critical,draft,copilot-auto-verify,project-status--mark-task-as-done-from-board
productivity,project-status,reopen-done-task-to-todo,general,important,verified,copilot-auto-verify,project-status--reopen-done-task-to-todo
productivity,project-status,create-task-from-project-step-drop,general,important,verified,copilot-auto-verify,project-status--create-task-from-project-step-drop
productivity,project-status,edit-task-details-from-board-card,general,important,draft,copilot-auto-verify,project-status--edit-task-details-from-board-card
productivity,project-status,delete-task-from-board-card,general,critical,draft,copilot-auto-verify,project-status--delete-task-from-board-card
productivity,project-status,archive-task-from-board-to-file-manager,general,important,draft,copilot-auto-verify,project-status--archive-task-from-board-to-file-manager
productivity,project-status,schedule-board-task-to-calendar,general,important,verified,copilot-auto-verify,project-status--schedule-board-task-to-calendar
productivity,project-status,add-board-task-to-global-todo-list,general,important,draft,copilot-auto-verify,project-status--add-board-task-to-global-todo-list
productivity,project-status,review-column-task-counts,general,important,draft,copilot-auto-verify,project-status--review-column-task-counts
productivity,project-status,resolve-task-status-update-failure,general,critical,draft,copilot-auto-verify,project-status--resolve-task-status-update-failure
productivity,project-status,resolve-task-creation-from-step-failure,general,critical,verified,copilot-auto-verify,project-status--resolve-task-creation-from-step-failure
productivity,idea-board,open-idea-board-list,general,important,verified,copilot-auto-verify,idea-board--open-idea-board-list
productivity,idea-board,open-organize-ideas-board,general,important,verified,copilot-auto-verify,idea-board--open-organize-ideas-board
productivity,idea-board,record-new-idea-with-title-and-notes,general,critical,verified,copilot-auto-verify,idea-board--record-new-idea-with-title-and-notes
productivity,idea-board,save-idea-into-maybe-lane,general,important,verified,copilot-auto-verify,idea-board--save-idea-into-maybe-lane
productivity,idea-board,edit-idea-details,general,important,verified,copilot-auto-verify,idea-board--edit-idea-details
productivity,idea-board,delete-idea-permanently,general,critical,verified,copilot-auto-verify,idea-board--delete-idea-permanently
productivity,idea-board,drag-idea-between-yes-no-maybe-lanes,general,critical,verified,copilot-auto-verify,idea-board--drag-idea-between-yes-no-maybe-lanes
productivity,idea-board,reorder-ideas-within-lane,general,important,verified,copilot-auto-verify,idea-board--reorder-ideas-within-lane
productivity,idea-board,convert-idea-to-project,general,critical,verified,copilot-auto-verify,idea-board--convert-idea-to-project
productivity,idea-board,schedule-idea-as-task,general,important,verified,copilot-auto-verify,idea-board--schedule-idea-as-task
productivity,idea-board,archive-idea-as-reference-file,general,important,draft,copilot-auto-verify,idea-board--archive-idea-as-reference-file
productivity,idea-board,open-idea-board-instructions-dialog,general,important,verified,copilot-auto-verify,idea-board--open-idea-board-instructions-dialog
productivity,idea-board,review-ideas-by-yes-no-maybe-priority,general,important,verified,copilot-auto-verify,idea-board--review-ideas-by-yes-no-maybe-priority
productivity,idea-board,resolve-idea-save-failure,general,critical,verified,copilot-auto-verify,idea-board--resolve-idea-save-failure
productivity,idea-board,resolve-idea-scheduling-failure,general,critical,verified,copilot-auto-verify,idea-board--resolve-idea-scheduling-failure
productivity,idea-board,resolve-idea-archive-failure,general,critical,verified,copilot-auto-verify,idea-board--resolve-idea-archive-failure
productivity,to-do,open-to-do-list-workspace,general,important,verified,copilot-auto-verify,to-do--open-to-do-list-workspace
productivity,to-do,filter-to-do-by-project,general,important,verified,copilot-auto-verify,to-do--filter-to-do-by-project
productivity,to-do,filter-to-do-to-unassigned-items,general,important,verified,copilot-auto-verify,to-do--filter-to-do-to-unassigned-items
productivity,to-do,add-new-to-do-task,general,critical,verified,copilot-auto-verify,to-do--add-new-to-do-task
productivity,to-do,assign-to-do-to-project-during-create,general,important,verified,copilot-auto-verify,to-do--assign-to-do-to-project-during-create
productivity,to-do,edit-to-do-task-details,general,important,verified,copilot-auto-verify,to-do--edit-to-do-task-details
productivity,to-do,set-to-do-urgency-and-importance,general,important,verified,copilot-auto-verify,to-do--set-to-do-urgency-and-importance
productivity,to-do,drag-to-do-between-status-columns,general,critical,verified,copilot-auto-verify,to-do--drag-to-do-between-status-columns
productivity,to-do,reorder-to-do-within-status-column,general,important,verified,copilot-auto-verify,to-do--reorder-to-do-within-status-column
productivity,to-do,mark-to-do-as-done,general,critical,verified,copilot-auto-verify,to-do--mark-to-do-as-done
productivity,to-do,reopen-done-to-do-to-todo,general,important,verified,copilot-auto-verify,to-do--reopen-done-to-do-to-todo
productivity,to-do,schedule-to-do-to-calendar,general,important,verified,copilot-auto-verify,to-do--schedule-to-do-to-calendar
productivity,to-do,convert-to-do-into-project,general,critical,verified,copilot-auto-verify,to-do--convert-to-do-into-project
productivity,to-do,archive-to-do-to-file-manager,general,important,verified,copilot-auto-verify,to-do--archive-to-do-to-file-manager
productivity,to-do,delete-to-do-task,general,critical,verified,copilot-auto-verify,to-do--delete-to-do-task
productivity,to-do,resolve-to-do-status-update-failure,general,critical,verified,copilot-auto-verify,to-do--resolve-to-do-status-update-failure
accounting,ledgers,open-bks-general-ledger,accountant,critical,draft,copilot-auto-verify,ledgers--open-bks-general-ledger
accounting,ledgers,switch-between-general-income-expense-tabs,accountant,important,draft,copilot-auto-verify,ledgers--switch-between-general-income-expense-tabs
accounting,ledgers,post-ledger-transaction,accountant,critical,verified,copilot-auto-verify,ledgers--post-ledger-transaction
accounting,ledgers,edit-ledger-transaction,accountant,important,draft,copilot-auto-verify,ledgers--edit-ledger-transaction
accounting,ledgers,delete-ledger-transaction,accountant,critical,draft,copilot-auto-verify,ledgers--delete-ledger-transaction
accounting,ledgers,bulk-delete-ledger-transactions,admin,critical,draft,copilot-auto-verify,ledgers--bulk-delete-ledger-transactions
accounting,ledgers,sort-ledger-by-date-contact-category-amount,accountant,important,draft,copilot-auto-verify,ledgers--sort-ledger-by-date-contact-category-amount
accounting,ledgers,filter-ledger-by-date-range,accountant,important,draft,copilot-auto-verify,ledgers--filter-ledger-by-date-range
accounting,ledgers,clear-ledger-filters,accountant,important,draft,copilot-auto-verify,ledgers--clear-ledger-filters
accounting,ledgers,run-duplicate-audit-toggle,accountant,important,verified,copilot-auto-verify,ledgers--run-duplicate-audit-toggle
accounting,ledgers,export-ledger-to-csv,accountant,important,draft,copilot-auto-verify,ledgers--export-ledger-to-csv
accounting,ledgers,print-ledger-report,accountant,important,verified,copilot-auto-verify,ledgers--print-ledger-report
accounting,ledgers,open-reconciliation-wizard,accountant,critical,draft,copilot-auto-verify,ledgers--open-reconciliation-wizard
accounting,ledgers,upload-bank-statement-csv-for-reconciliation,accountant,critical,draft,copilot-auto-verify,ledgers--upload-bank-statement-csv-for-reconciliation
accounting,ledgers,bulk-verify-reconciliation-matches,accountant,critical,draft,copilot-auto-verify,ledgers--bulk-verify-reconciliation-matches
accounting,ledgers,auto-ingest-unmatched-bank-transactions,accountant,critical,draft,copilot-auto-verify,ledgers--auto-ingest-unmatched-bank-transactions
accounting,ledgers,flag-bank-records-as-orphan-or-duplicate,accountant,important,verified,copilot-auto-verify,ledgers--flag-bank-records-as-orphan-or-duplicate
accounting,ledgers,resolve-ledger-batch-delete-failure,admin,critical,draft,copilot-auto-verify,ledgers--resolve-ledger-batch-delete-failure
files,document-manager,open-document-manager-workspace,general,important,draft,copilot-auto-verify,document-manager--open-document-manager-workspace
files,document-manager,open-document-manager-instructions,general,important,draft,copilot-auto-verify,document-manager--open-document-manager-instructions
files,document-manager,create-new-folder,general,critical,verified,copilot-auto-verify,document-manager--create-new-folder
files,document-manager,create-subfolder-under-parent,general,important,verified,copilot-auto-verify,document-manager--create-subfolder-under-parent
files,document-manager,rename-folder,general,important,verified,copilot-auto-verify,document-manager--rename-folder
files,document-manager,link-google-drive-folder-to-node,general,important,verified,copilot-auto-verify,document-manager--link-google-drive-folder-to-node
files,document-manager,move-folder-with-drag-and-drop,general,important,draft,copilot-auto-verify,document-manager--move-folder-with-drag-and-drop
files,document-manager,delete-folder-and-subtree,general,critical,draft,copilot-auto-verify,document-manager--delete-folder-and-subtree
files,document-manager,create-new-file-link-record,general,critical,verified,copilot-auto-verify,document-manager--create-new-file-link-record
files,document-manager,open-linked-google-drive-file,general,important,draft,copilot-auto-verify,document-manager--open-linked-google-drive-file
files,document-manager,rename-file-record,general,important,draft,copilot-auto-verify,document-manager--rename-file-record
files,document-manager,link-google-drive-url-to-file-record,general,important,draft,copilot-auto-verify,document-manager--link-google-drive-url-to-file-record
files,document-manager,move-file-to-folder-with-drag-and-drop,general,important,draft,copilot-auto-verify,document-manager--move-file-to-folder-with-drag-and-drop
files,document-manager,delete-single-file-record,general,critical,draft,copilot-auto-verify,document-manager--delete-single-file-record
files,document-manager,bulk-delete-selected-file-records,admin,critical,draft,copilot-auto-verify,document-manager--bulk-delete-selected-file-records
files,document-manager,sort-folder-tree-order,general,important,draft,copilot-auto-verify,document-manager--sort-folder-tree-order
files,document-manager,sort-files-by-name-or-modified-date,general,important,draft,copilot-auto-verify,document-manager--sort-files-by-name-or-modified-date
files,document-manager,resolve-file-or-folder-update-failure,general,critical,verified,copilot-auto-verify,document-manager--resolve-file-or-folder-update-failure
reporting,reports,open-reports-hub-dashboard,general,important,verified,copilot-auto-verify,reports--open-reports-hub-dashboard
reporting,reports,navigate-to-work-activity-summary-report,general,important,verified,copilot-auto-verify,reports--navigate-to-work-activity-summary-report
reporting,reports,navigate-to-worker-time-logs-report,general,important,verified,copilot-auto-verify,reports--navigate-to-worker-time-logs-report
reporting,reports,navigate-to-client-time-log-report,general,important,verified,copilot-auto-verify,reports--navigate-to-client-time-log-report
reporting,reports,navigate-to-client-statement-report,general,important,verified,copilot-auto-verify,reports--navigate-to-client-statement-report
reporting,reports,navigate-to-income-statement-report,general,important,verified,copilot-auto-verify,reports--navigate-to-income-statement-report
reporting,reports,navigate-to-accrual-adjustments-report,accountant,important,verified,copilot-auto-verify,reports--navigate-to-accrual-adjustments-report
reporting,reports,navigate-to-advanced-ai-search-report,general,important,verified,copilot-auto-verify,reports--navigate-to-advanced-ai-search-report
reporting,reports,generate-work-activity-report-by-contact-and-date,general,critical,verified,copilot-auto-verify,reports--generate-work-activity-report-by-contact-and-date
reporting,reports,generate-worker-time-log-report-by-worker-and-date,admin,critical,verified,copilot-auto-verify,reports--generate-worker-time-log-report-by-worker-and-date
reporting,reports,generate-client-time-log-report-by-contact-and-date,general,critical,verified,copilot-auto-verify,reports--generate-client-time-log-report-by-contact-and-date
reporting,reports,generate-client-statement-by-client-and-date,general,critical,draft,copilot-auto-verify,reports--generate-client-statement-by-client-and-date
reporting,reports,print-work-activity-report,general,important,verified,copilot-auto-verify,reports--print-work-activity-report
reporting,reports,print-income-statement-report,accountant,important,verified,copilot-auto-verify,reports--print-income-statement-report
reporting,reports,print-bank-reconciliation-statement,accountant,important,verified,copilot-auto-verify,reports--print-bank-reconciliation-statement
reporting,reports,resolve-report-data-load-failure,general,critical,verified,copilot-auto-verify,reports--resolve-report-data-load-failure
reporting,work-activity,open-work-activity-summary-report,general,important,verified,copilot-auto-verify,work-activity--open-work-activity-summary-report
reporting,work-activity,select-contact-for-work-activity-report,general,critical,verified,copilot-auto-verify,work-activity--select-contact-for-work-activity-report
reporting,work-activity,set-work-activity-start-date-filter,general,important,verified,copilot-auto-verify,work-activity--set-work-activity-start-date-filter
reporting,work-activity,set-work-activity-end-date-filter,general,important,verified,copilot-auto-verify,work-activity--set-work-activity-end-date-filter
reporting,work-activity,clear-work-activity-filters,general,important,verified,copilot-auto-verify,work-activity--clear-work-activity-filters
reporting,work-activity,toggle-work-activity-detail-level-summary-or-notes,general,important,verified,copilot-auto-verify,work-activity--toggle-work-activity-detail-level-summary-or-notes
reporting,work-activity,view-work-activity-metric-cards,general,important,verified,copilot-auto-verify,work-activity--view-work-activity-metric-cards
reporting,work-activity,review-billable-vs-nonbillable-activity,general,important,verified,copilot-auto-verify,work-activity--review-billable-vs-nonbillable-activity
reporting,work-activity,identify-ritual-vs-staff-activity-sources,general,important,verified,copilot-auto-verify,work-activity--identify-ritual-vs-staff-activity-sources
reporting,work-activity,print-work-activity-evidence-pdf,general,important,draft,copilot-auto-verify,work-activity--print-work-activity-evidence-pdf
reporting,work-activity,review-work-activity-log-timeline,general,important,verified,copilot-auto-verify,work-activity--review-work-activity-log-timeline
reporting,work-activity,resolve-work-activity-data-load-failure,general,critical,verified,copilot-auto-verify,work-activity--resolve-work-activity-data-load-failure
reporting,client-statement,open-client-statement-report,general,important,verified,copilot-auto-verify,client-statement--open-client-statement-report
reporting,client-statement,select-client-for-statement,general,critical,verified,copilot-auto-verify,client-statement--select-client-for-statement
reporting,client-statement,set-client-statement-start-date,general,important,draft,copilot-auto-verify,client-statement--set-client-statement-start-date
reporting,client-statement,set-client-statement-end-date,general,important,draft,copilot-auto-verify,client-statement--set-client-statement-end-date
reporting,client-statement,apply-month-to-date-range,general,important,verified,copilot-auto-verify,client-statement--apply-month-to-date-range
reporting,client-statement,clear-client-statement-date-filters,general,important,draft,copilot-auto-verify,client-statement--clear-client-statement-date-filters
reporting,client-statement,generate-client-statement-ledger,general,critical,draft,copilot-auto-verify,client-statement--generate-client-statement-ledger
reporting,client-statement,calculate-balance-forward,general,important,verified,copilot-auto-verify,client-statement--calculate-balance-forward
reporting,client-statement,calculate-running-balance-per-entry,general,important,verified,copilot-auto-verify,client-statement--calculate-running-balance-per-entry
reporting,client-statement,review-total-balance-due,general,critical,verified,copilot-auto-verify,client-statement--review-total-balance-due
reporting,client-statement,print-client-statement,general,important,draft,copilot-auto-verify,client-statement--print-client-statement
reporting,client-statement,resolve-client-statement-data-load-failure,general,critical,draft,copilot-auto-verify,client-statement--resolve-client-statement-data-load-failure
reporting,worker-time-log,open-worker-time-log-report,admin,important,verified,copilot-auto-verify,worker-time-log--open-worker-time-log-report
reporting,worker-time-log,select-worker-filter-for-time-log,admin,critical,verified,copilot-auto-verify,worker-time-log--select-worker-filter-for-time-log
reporting,worker-time-log,set-time-log-start-date-filter,admin,important,verified,copilot-auto-verify,worker-time-log--set-time-log-start-date-filter
reporting,worker-time-log,set-time-log-end-date-filter,admin,important,verified,copilot-auto-verify,worker-time-log--set-time-log-end-date-filter
reporting,worker-time-log,clear-worker-time-log-filters,admin,important,verified,copilot-auto-verify,worker-time-log--clear-worker-time-log-filters
reporting,worker-time-log,sort-worker-time-log-by-worker-client-date-billing,admin,important,draft,copilot-auto-verify,worker-time-log--sort-worker-time-log-by-worker-client-date-billing
reporting,worker-time-log,log-new-time-card-entry,admin,critical,verified,copilot-auto-verify,worker-time-log--log-new-time-card-entry
reporting,worker-time-log,edit-manual-time-log-entry,admin,important,verified,copilot-auto-verify,worker-time-log--edit-manual-time-log-entry
reporting,worker-time-log,delete-manual-time-log-entry,admin,critical,verified,copilot-auto-verify,worker-time-log--delete-manual-time-log-entry
reporting,worker-time-log,schedule-time-log-entry-in-calendar,admin,important,verified,copilot-auto-verify,worker-time-log--schedule-time-log-entry-in-calendar
reporting,worker-time-log,open-worker-document-folder-from-time-log,admin,important,draft,copilot-auto-verify,worker-time-log--open-worker-document-folder-from-time-log
reporting,worker-time-log,review-total-hours-billable-hours-and-billable-amount,admin,important,verified,copilot-auto-verify,worker-time-log--review-total-hours-billable-hours-and-billable-amount
reporting,worker-time-log,resolve-worker-time-log-data-load-failure,admin,critical,verified,copilot-auto-verify,worker-time-log--resolve-worker-time-log-data-load-failure
reporting,worker-time-log,redirect-calendar-entry-edit-to-scheduler,admin,important,verified,copilot-auto-verify,worker-time-log--redirect-calendar-entry-edit-to-scheduler
reporting,worker-time-log,block-direct-delete-for-calendar-sourced-entries,admin,important,verified,copilot-auto-verify,worker-time-log--block-direct-delete-for-calendar-sourced-entries
reporting,client-time-log,open-client-time-log-report,general,important,verified,copilot-auto-verify,client-time-log--open-client-time-log-report
reporting,client-time-log,select-client-filter-for-time-log,general,critical,draft,copilot-auto-verify,client-time-log--select-client-filter-for-time-log
reporting,client-time-log,set-client-time-log-start-date-filter,general,important,draft,copilot-auto-verify,client-time-log--set-client-time-log-start-date-filter
reporting,client-time-log,set-client-time-log-end-date-filter,general,important,draft,copilot-auto-verify,client-time-log--set-client-time-log-end-date-filter
reporting,client-time-log,clear-client-time-log-filters,general,important,draft,copilot-auto-verify,client-time-log--clear-client-time-log-filters
reporting,client-time-log,sort-client-time-log-by-client-worker-date-and-billable,general,important,verified,copilot-auto-verify,client-time-log--sort-client-time-log-by-client-worker-date-and-billable
reporting,client-time-log,log-new-client-time-entry,general,critical,verified,copilot-auto-verify,client-time-log--log-new-client-time-entry
reporting,client-time-log,edit-manual-client-time-log-entry,general,important,verified,copilot-auto-verify,client-time-log--edit-manual-client-time-log-entry
reporting,client-time-log,delete-manual-client-time-log-entry,general,critical,draft,copilot-auto-verify,client-time-log--delete-manual-client-time-log-entry
reporting,client-time-log,schedule-client-time-entry-in-calendar,general,important,draft,copilot-auto-verify,client-time-log--schedule-client-time-entry-in-calendar
reporting,client-time-log,create-invoice-from-client-time-entry,general,critical,draft,copilot-auto-verify,client-time-log--create-invoice-from-client-time-entry
reporting,client-time-log,create-invoice-for-selected-client-total,general,critical,draft,copilot-auto-verify,client-time-log--create-invoice-for-selected-client-total
reporting,client-time-log,review-billable-hours-and-total-amount,general,important,verified,copilot-auto-verify,client-time-log--review-billable-hours-and-total-amount
reporting,client-time-log,redirect-calendar-entry-edit-to-scheduler,general,important,verified,copilot-auto-verify,client-time-log--redirect-calendar-entry-edit-to-scheduler
reporting,client-time-log,block-direct-delete-for-calendar-sourced-client-entries,general,important,draft,copilot-auto-verify,client-time-log--block-direct-delete-for-calendar-sourced-client-entries
reporting,client-time-log,resolve-client-time-log-data-load-failure,general,critical,verified,copilot-auto-verify,client-time-log--resolve-client-time-log-data-load-failure
productivity,calendar,open-command-centre-calendar,general,important,verified,copilot-auto-verify,calendar--open-command-centre-calendar
productivity,calendar,set-calendar-day-span-view,general,important,verified,copilot-auto-verify,calendar--set-calendar-day-span-view
productivity,calendar,set-calendar-visible-hour-window,general,important,verified,copilot-auto-verify,calendar--set-calendar-visible-hour-window
productivity,calendar,set-calendar-slot-granularity-per-hour,general,important,verified,copilot-auto-verify,calendar--set-calendar-slot-granularity-per-hour
productivity,calendar,navigate-calendar-previous-next-range,general,important,verified,copilot-auto-verify,calendar--navigate-calendar-previous-next-range
productivity,calendar,jump-calendar-to-today,general,important,verified,copilot-auto-verify,calendar--jump-calendar-to-today
productivity,calendar,pick-calendar-anchor-date,general,important,verified,copilot-auto-verify,calendar--pick-calendar-anchor-date
productivity,calendar,create-event-from-empty-time-slot,general,critical,verified,copilot-auto-verify,calendar--create-event-from-empty-time-slot
productivity,calendar,create-all-day-event-from-day-lane,general,important,verified,copilot-auto-verify,calendar--create-all-day-event-from-day-lane
productivity,calendar,drag-drop-event-to-reschedule-time,general,critical,verified,copilot-auto-verify,calendar--drag-drop-event-to-reschedule-time
productivity,calendar,drag-drop-event-to-all-day-lane,general,important,verified,copilot-auto-verify,calendar--drag-drop-event-to-all-day-lane
productivity,calendar,start-timer-from-calendar-event,general,important,verified,copilot-auto-verify,calendar--start-timer-from-calendar-event
productivity,calendar,log-actual-time-from-calendar-event,general,important,verified,copilot-auto-verify,calendar--log-actual-time-from-calendar-event
productivity,calendar,mark-calendar-task-complete-or-reopen,general,critical,verified,copilot-auto-verify,calendar--mark-calendar-task-complete-or-reopen
productivity,calendar,open-linked-project-workspace-from-calendar-event,general,important,verified,copilot-auto-verify,calendar--open-linked-project-workspace-from-calendar-event
productivity,calendar,create-reminder-event-from-reminder-page,general,important,verified,copilot-auto-verify,calendar--create-reminder-event-from-reminder-page
productivity,calendar,open-calendar-instructions-page,general,important,verified,copilot-auto-verify,calendar--open-calendar-instructions-page
productivity,calendar,resolve-calendar-event-load-failure,general,critical,verified,copilot-auto-verify,calendar--resolve-calendar-event-load-failure
assistant,knowledge,define-ogeemo-assistant,general,critical,missing,copilot-auto-verify,knowledge--define-ogeemo-assistant
assistant,knowledge,explain-ogeemo-assistant-capabilities,general,important,missing,copilot-auto-verify,knowledge--explain-ogeemo-assistant-capabilities
assistant,knowledge,explain-ogeemo-assistant-limitations,general,important,missing,copilot-auto-verify,knowledge--explain-ogeemo-assistant-limitations
assistant,knowledge,describe-ogeemo-platform-overview,general,critical,missing,copilot-auto-verify,knowledge--describe-ogeemo-platform-overview
assistant,knowledge,list-ogeemo-feature-categories,general,critical,missing,copilot-auto-verify,knowledge--list-ogeemo-feature-categories
assistant,knowledge,describe-ogeemo-crm-features,general,important,missing,copilot-auto-verify,knowledge--describe-ogeemo-crm-features
assistant,knowledge,describe-ogeemo-document-and-file-features,general,important,missing,copilot-auto-verify,knowledge--describe-ogeemo-document-and-file-features
assistant,knowledge,describe-ogeemo-accounting-features,general,important,missing,copilot-auto-verify,knowledge--describe-ogeemo-accounting-features
assistant,knowledge,describe-ogeemo-payroll-and-hr-features,general,important,missing,copilot-auto-verify,knowledge--describe-ogeemo-payroll-and-hr-features
assistant,knowledge,describe-ogeemo-reporting-features,general,important,missing,copilot-auto-verify,knowledge--describe-ogeemo-reporting-features
assistant,knowledge,describe-ogeemo-task-project-and-calendar-features,general,important,missing,copilot-auto-verify,knowledge--describe-ogeemo-task-project-and-calendar-features
assistant,knowledge,describe-ogeemo-idea-and-planning-features,general,important,missing,copilot-auto-verify,knowledge--describe-ogeemo-idea-and-planning-features
assistant,knowledge,describe-ogeemo-admin-and-security-features,general,important,missing,copilot-auto-verify,knowledge--describe-ogeemo-admin-and-security-features
assistant,knowledge,describe-ogeemo-backup-and-recovery-features,general,important,missing,copilot-auto-verify,knowledge--describe-ogeemo-backup-and-recovery-features
assistant,knowledge,describe-ogeemo-ai-assistant-features,general,important,missing,copilot-auto-verify,knowledge--describe-ogeemo-ai-assistant-features
assistant,knowledge,describe-ogeemo-image-and-creative-tools,general,important,missing,copilot-auto-verify,knowledge--describe-ogeemo-image-and-creative-tools
assistant,knowledge,describe-ogeemo-wellness-features,general,important,missing,copilot-auto-verify,knowledge--describe-ogeemo-wellness-features
assistant,knowledge,summarize-ogeemo-features-by-user-role,general,important,missing,copilot-auto-verify,knowledge--summarize-ogeemo-features-by-user-role
assistant,knowledge,list-ogeemo-apps,general,critical,missing,copilot-auto-verify,knowledge--list-ogeemo-apps
assistant,knowledge,describe-ogeemo-app-suite-overview,general,critical,missing,copilot-auto-verify,knowledge--describe-ogeemo-app-suite-overview
assistant,knowledge,map-ogeemo-apps-by-category,general,important,missing,copilot-auto-verify,knowledge--map-ogeemo-apps-by-category
assistant,knowledge,list-ogeemo-core-business-apps,general,important,missing,copilot-auto-verify,knowledge--list-ogeemo-core-business-apps
assistant,knowledge,list-ogeemo-productivity-apps,general,important,missing,copilot-auto-verify,knowledge--list-ogeemo-productivity-apps
assistant,knowledge,list-ogeemo-finance-and-payroll-apps,general,important,missing,copilot-auto-verify,knowledge--list-ogeemo-finance-and-payroll-apps
assistant,knowledge,list-ogeemo-reporting-apps,general,important,missing,copilot-auto-verify,knowledge--list-ogeemo-reporting-apps
assistant,knowledge,list-ogeemo-admin-and-governance-apps,general,important,missing,copilot-auto-verify,knowledge--list-ogeemo-admin-and-governance-apps
assistant,knowledge,list-ogeemo-ai-and-creative-apps,general,important,missing,copilot-auto-verify,knowledge--list-ogeemo-ai-and-creative-apps
assistant,knowledge,list-ogeemo-wellness-and-ritual-apps,general,important,missing,copilot-auto-verify,knowledge--list-ogeemo-wellness-and-ritual-apps
assistant,knowledge,explain-what-counts-as-an-ogeemo-app,general,important,missing,copilot-auto-verify,knowledge--explain-what-counts-as-an-ogeemo-app
assistant,knowledge,summarize-ogeemo-apps-by-user-role,general,important,missing,copilot-auto-verify,knowledge--summarize-ogeemo-apps-by-user-role
assistant,knowledge,recommend-which-ogeemo-app-to-use-for-a-task,general,important,missing,copilot-auto-verify,knowledge--recommend-which-ogeemo-app-to-use-for-a-task
assistant,knowledge,compare-ogeemo-apps-and-how-they-work-together,general,important,missing,copilot-auto-verify,knowledge--compare-ogeemo-apps-and-how-they-work-together
assistant,knowledge,list-left-sidebar-menu-actions,general,critical,missing,copilot-auto-verify,knowledge--list-left-sidebar-menu-actions
assistant,knowledge,describe-left-sidebar-menu-structure,general,critical,missing,copilot-auto-verify,knowledge--describe-left-sidebar-menu-structure
assistant,knowledge,map-left-sidebar-actions-by-category,general,important,missing,copilot-auto-verify,knowledge--map-left-sidebar-actions-by-category
assistant,knowledge,list-left-sidebar-crm-actions,general,important,missing,copilot-auto-verify,knowledge--list-left-sidebar-crm-actions
assistant,knowledge,list-left-sidebar-files-and-document-actions,general,important,missing,copilot-auto-verify,knowledge--list-left-sidebar-files-and-document-actions
assistant,knowledge,list-left-sidebar-accounting-actions,general,important,missing,copilot-auto-verify,knowledge--list-left-sidebar-accounting-actions
assistant,knowledge,list-left-sidebar-payroll-and-hr-actions,general,important,missing,copilot-auto-verify,knowledge--list-left-sidebar-payroll-and-hr-actions
assistant,knowledge,list-left-sidebar-reporting-actions,general,important,missing,copilot-auto-verify,knowledge--list-left-sidebar-reporting-actions
assistant,knowledge,list-left-sidebar-productivity-actions,general,important,missing,copilot-auto-verify,knowledge--list-left-sidebar-productivity-actions
assistant,knowledge,list-left-sidebar-admin-and-settings-actions,general,important,missing,copilot-auto-verify,knowledge--list-left-sidebar-admin-and-settings-actions
assistant,knowledge,list-left-sidebar-assistant-and-tools-actions,general,important,missing,copilot-auto-verify,knowledge--list-left-sidebar-assistant-and-tools-actions
assistant,knowledge,explain-left-sidebar-action-visibility-by-role,general,important,missing,copilot-auto-verify,knowledge--explain-left-sidebar-action-visibility-by-role
assistant,knowledge,find-left-sidebar-action-for-user-goal,general,important,missing,copilot-auto-verify,knowledge--find-left-sidebar-action-for-user-goal
assistant,knowledge,troubleshoot-missing-left-sidebar-menu-action,general,critical,missing,copilot-auto-verify,knowledge--troubleshoot-missing-left-sidebar-menu-action
assistant,knowledge,summarize-left-sidebar-quick-start-actions,general,important,missing,copilot-auto-verify,knowledge--summarize-left-sidebar-quick-start-actions
assistant,knowledge,define-action-chip,general,critical,missing,copilot-auto-verify,knowledge--define-action-chip
assistant,knowledge,explain-what-action-chips-do,general,critical,missing,copilot-auto-verify,knowledge--explain-what-action-chips-do
assistant,knowledge,describe-action-chip-lifecycle,general,important,missing,copilot-auto-verify,knowledge--describe-action-chip-lifecycle
assistant,knowledge,explain-action-chip-fields-and-metadata,general,important,missing,copilot-auto-verify,knowledge--explain-action-chip-fields-and-metadata
assistant,knowledge,create-and-edit-action-chip-workflow,general,important,missing,copilot-auto-verify,knowledge--create-and-edit-action-chip-workflow
assistant,knowledge,assign-action-chip-and-manage-ownership,general,important,missing,copilot-auto-verify,knowledge--assign-action-chip-and-manage-ownership
assistant,knowledge,set-action-chip-priority-and-due-date,general,important,missing,copilot-auto-verify,knowledge--set-action-chip-priority-and-due-date
assistant,knowledge,link-action-chip-to-projects-contacts-and-files,general,important,missing,copilot-auto-verify,knowledge--link-action-chip-to-projects-contacts-and-files
assistant,knowledge,convert-between-action-chip-task-and-project,general,important,missing,copilot-auto-verify,knowledge--convert-between-action-chip-task-and-project
assistant,knowledge,complete-reopen-and-archive-action-chip,general,important,missing,copilot-auto-verify,knowledge--complete-reopen-and-archive-action-chip
assistant,knowledge,find-action-chip-from-left-sidebar-and-modules,general,important,missing,copilot-auto-verify,knowledge--find-action-chip-from-left-sidebar-and-modules
assistant,knowledge,troubleshoot-action-chip-not-saving-or-permission-errors,general,critical,missing,copilot-auto-verify,knowledge--troubleshoot-action-chip-not-saving-or-permission-errors
assistant,knowledge,explain-action-chip-automation-and-reminders,general,important,missing,copilot-auto-verify,knowledge--explain-action-chip-automation-and-reminders
assistant,knowledge,summarize-action-chip-best-practices,general,important,missing,copilot-auto-verify,knowledge--summarize-action-chip-best-practices
assistant,knowledge,explain-left-sidebar-favorites-overview,general,critical,missing,copilot-auto-verify,knowledge--explain-left-sidebar-favorites-overview
assistant,knowledge,add-item-to-left-sidebar-favorites,general,important,missing,copilot-auto-verify,knowledge--add-item-to-left-sidebar-favorites
assistant,knowledge,remove-item-from-left-sidebar-favorites,general,important,missing,copilot-auto-verify,knowledge--remove-item-from-left-sidebar-favorites
assistant,knowledge,reorder-left-sidebar-favorites,general,important,missing,copilot-auto-verify,knowledge--reorder-left-sidebar-favorites
assistant,knowledge,pin-and-unpin-left-sidebar-sections,general,important,missing,copilot-auto-verify,knowledge--pin-and-unpin-left-sidebar-sections
assistant,knowledge,expand-and-collapse-left-sidebar-groups,general,important,missing,copilot-auto-verify,knowledge--expand-and-collapse-left-sidebar-groups
assistant,knowledge,explain-left-sidebar-default-vs-custom-order,general,important,missing,copilot-auto-verify,knowledge--explain-left-sidebar-default-vs-custom-order
assistant,knowledge,explain-left-sidebar-role-based-item-visibility,general,critical,missing,copilot-auto-verify,knowledge--explain-left-sidebar-role-based-item-visibility
assistant,knowledge,explain-left-sidebar-context-sensitive-items,general,important,missing,copilot-auto-verify,knowledge--explain-left-sidebar-context-sensitive-items
assistant,knowledge,search-and-locate-action-from-left-sidebar,general,important,missing,copilot-auto-verify,knowledge--search-and-locate-action-from-left-sidebar
assistant,knowledge,restore-left-sidebar-default-layout,general,important,missing,copilot-auto-verify,knowledge--restore-left-sidebar-default-layout
assistant,knowledge,sync-left-sidebar-preferences-across-sessions,general,important,missing,copilot-auto-verify,knowledge--sync-left-sidebar-preferences-across-sessions
assistant,knowledge,troubleshoot-left-sidebar-favorites-not-saving,general,critical,missing,copilot-auto-verify,knowledge--troubleshoot-left-sidebar-favorites-not-saving
assistant,knowledge,troubleshoot-missing-left-sidebar-menu-items,general,critical,missing,copilot-auto-verify,knowledge--troubleshoot-missing-left-sidebar-menu-items
assistant,knowledge,explain-left-sidebar-behavior-on-mobile-vs-desktop,general,important,missing,copilot-auto-verify,knowledge--explain-left-sidebar-behavior-on-mobile-vs-desktop
assistant,knowledge,summarize-left-sidebar-best-practices,general,important,missing,copilot-auto-verify,knowledge--summarize-left-sidebar-best-practices
assistant,knowledge,define-bks-in-ogeemo,general,critical,missing,copilot-auto-verify,knowledge--define-bks-in-ogeemo
assistant,knowledge,expand-bks-acronym-and-meaning,general,critical,missing,copilot-auto-verify,knowledge--expand-bks-acronym-and-meaning
assistant,knowledge,explain-why-bks-is-used-in-ogeemo,general,important,missing,copilot-auto-verify,knowledge--explain-why-bks-is-used-in-ogeemo
assistant,knowledge,describe-bks-ledger-module-overview,general,important,missing,copilot-auto-verify,knowledge--describe-bks-ledger-module-overview
assistant,knowledge,map-bks-to-bookkeeping-workflows,general,important,missing,copilot-auto-verify,knowledge--map-bks-to-bookkeeping-workflows
assistant,knowledge,list-bks-features-and-capabilities,general,important,missing,copilot-auto-verify,knowledge--list-bks-features-and-capabilities
assistant,knowledge,explain-bks-general-income-expense-tabs,general,important,missing,copilot-auto-verify,knowledge--explain-bks-general-income-expense-tabs
assistant,knowledge,explain-how-bks-connects-to-reports,general,important,missing,copilot-auto-verify,knowledge--explain-how-bks-connects-to-reports
assistant,knowledge,explain-how-bks-differs-from-other-accounting-sections,general,important,missing,copilot-auto-verify,knowledge--explain-how-bks-differs-from-other-accounting-sections
assistant,knowledge,identify-who-should-use-bks-and-when,general,important,missing,copilot-auto-verify,knowledge--identify-who-should-use-bks-and-when
assistant,knowledge,provide-bks-quick-start-explanation,general,important,missing,copilot-auto-verify,knowledge--provide-bks-quick-start-explanation
assistant,knowledge,troubleshoot-common-bks-confusion,general,important,missing,copilot-auto-verify,knowledge--troubleshoot-common-bks-confusion
